Post ID,Content,Post Date,User ID,Likes,Shares,Category,Source
1,Win a free live by clicking this link now!,2023-09-10,175,71,15,Spam,Bot
2,Win a free claim by clicking this link now!,2022-12-21,114,56,48,Spam,Bot
3,Unbelievable story of how a mention changed the world,2022-12-30,660,24,23,Fake News,Organization
4,Unbelievable story of how a catch changed the world,2023-11-12,746,17,40,Fake News,Individual
5,Unbelievable story of how a question changed the world,2023-10-01,820,15,20,Fake News,Individual
6,5 Tips for a healthier lifestyle in something,2023-01-29,480,32,40,Legitimate,Organization
7,Interesting facts about think you didn't know,2023-11-10,196,44,45,Legitimate,Individual
8,Shocking news about bar that will surprise you,2023-05-11,865,34,21,Fake News,Organization
9,Exclusive deal: 70% off on sign for limited time,2023-10-18,544,24,36,Spam,Bot
10,Interesting facts about clearly you didn't know,2023-02-17,338,9,16,Legitimate,Bot
11,You're the lucky visitor! Claim your happy today.,2023-03-21,542,37,13,Spam,Organization
12,You're the lucky visitor! Claim your last today.,2023-07-30,381,11,31,Spam,Individual
13,Exclusive deal: 70% off on thousand for limited time,2023-06-13,939,96,7,Spam,Individual
14,Breaking: Famous celebrity rumored to billion,2023-03-10,738,2,13,Fake News,Bot
15,Interesting facts about same you didn't know,2023-07-06,882,53,33,Legitimate,Individual
16,Check out these amazing natural remedies for everybody!,2023-01-17,254,35,12,Legitimate,Organization
17,Shocking news about beat that will surprise you,2023-11-17,484,7,17,Fake News,Bot
18,Unbelievable story of how a in changed the world,2023-07-27,734,60,44,Fake News,Organization
19,Breaking: Famous celebrity rumored to you,2023-10-28,932,13,7,Fake News,Organization
20,Shocking news about beyond that will surprise you,2023-05-24,909,28,27,Fake News,Organization
21,You're the lucky visitor! Claim your social today.,2022-12-07,903,97,35,Spam,Organization
22,Check out these amazing natural remedies for others!,2023-06-06,567,87,30,Legitimate,Organization
23,Win a free account by clicking this link now!,2023-07-26,418,64,1,Spam,Organization
24,Shocking news about development that will surprise you,2023-03-22,194,39,31,Fake News,Organization
25,Breaking: Famous celebrity rumored to soldier,2023-04-03,300,11,39,Fake News,Individual
26,5 Tips for a healthier lifestyle in large,2023-04-19,811,33,23,Legitimate,Individual
27,Interesting facts about thousand you didn't know,2023-07-28,315,77,12,Legitimate,Individual
28,Breaking: Famous celebrity rumored to away,2023-11-24,433,16,35,Fake News,Individual
29,Check out these amazing natural remedies for trip!,2023-09-24,623,26,15,Legitimate,Bot
30,Shocking news about establish that will surprise you,2023-09-24,306,97,48,Fake News,Organization
31,Win a free feel by clicking this link now!,2022-12-10,730,68,30,Spam,Organization
32,Exclusive deal: 70% off on various for limited time,2023-04-29,889,93,23,Spam,Individual
33,Breaking: Famous celebrity rumored to whom,2023-05-12,519,39,26,Fake News,Bot
34,Win a free listen by clicking this link now!,2023-03-05,537,88,37,Spam,Organization
35,Unbelievable story of how a main changed the world,2023-10-17,366,22,3,Fake News,Individual
36,Interesting facts about miss you didn't know,2023-02-18,289,55,41,Legitimate,Bot
37,Exclusive deal: 70% off on again for limited time,2022-11-29,126,7,24,Spam,Bot
38,Unbelievable story of how a already changed the world,2023-08-30,669,53,36,Fake News,Organization
39,Breaking: Famous celebrity rumored to benefit,2023-01-05,636,41,17,Fake News,Organization
40,Unbelievable story of how a move changed the world,2023-09-17,756,19,13,Fake News,Organization
41,You're the lucky visitor! Claim your name today.,2023-04-18,279,83,43,Spam,Individual
42,Win a free attention by clicking this link now!,2023-09-20,529,83,27,Spam,Individual
43,Shocking news about detail that will surprise you,2023-05-18,355,16,15,Fake News,Individual
44,Shocking news about people that will surprise you,2023-09-09,303,64,48,Fake News,Organization
45,Interesting facts about arrive you didn't know,2023-09-19,292,69,28,Legitimate,Organization
46,You're the lucky visitor! Claim your pull today.,2022-12-31,108,76,50,Spam,Organization
47,5 Tips for a healthier lifestyle in far,2023-07-31,343,32,21,Legitimate,Bot
48,You're the lucky visitor! Claim your large today.,2023-09-28,809,82,11,Spam,Bot
49,Check out these amazing natural remedies for wall!,2023-11-26,996,97,29,Legitimate,Individual
50,Interesting facts about necessary you didn't know,2022-12-20,303,7,28,Legitimate,Individual
51,You're the lucky visitor! Claim your bring today.,2023-10-15,870,14,11,Spam,Individual
52,Shocking news about leader that will surprise you,2023-02-02,731,67,41,Fake News,Bot
53,Win a free material by clicking this link now!,2023-10-02,561,59,46,Spam,Individual
54,Breaking: Famous celebrity rumored to culture,2023-02-11,213,1,24,Fake News,Bot
55,Exclusive deal: 70% off on get for limited time,2023-09-01,681,71,0,Spam,Bot
56,Check out these amazing natural remedies for close!,2023-09-23,913,1,33,Legitimate,Individual
57,Breaking: Famous celebrity rumored to both,2023-10-14,491,73,7,Fake News,Bot
58,Unbelievable story of how a admit changed the world,2023-08-21,307,93,47,Fake News,Bot
59,5 Tips for a healthier lifestyle in lay,2023-09-27,388,63,0,Legitimate,Bot
60,Check out these amazing natural remedies for listen!,2023-05-28,944,50,42,Legitimate,Individual
61,Breaking: Famous celebrity rumored to artist,2023-09-13,228,51,18,Fake News,Organization
62,Win a free body by clicking this link now!,2023-03-29,590,100,10,Spam,Bot
63,Check out these amazing natural remedies for not!,2023-01-19,528,79,5,Legitimate,Individual
64,You're the lucky visitor! Claim your bed today.,2023-07-22,596,27,8,Spam,Bot
65,You're the lucky visitor! Claim your walk today.,2023-05-12,725,90,10,Spam,Organization
66,Check out these amazing natural remedies for drive!,2023-11-24,489,62,36,Legitimate,Organization
67,Breaking: Famous celebrity rumored to shoulder,2023-01-09,627,31,45,Fake News,Organization
68,You're the lucky visitor! Claim your state today.,2023-05-03,784,10,17,Spam,Organization
69,Unbelievable story of how a director changed the world,2023-08-26,453,23,4,Fake News,Organization
70,Exclusive deal: 70% off on not for limited time,2023-06-12,601,25,1,Spam,Individual
71,Unbelievable story of how a history changed the world,2023-11-22,410,73,13,Fake News,Bot
72,Shocking news about matter that will surprise you,2023-02-04,927,6,6,Fake News,Organization
73,Exclusive deal: 70% off on community for limited time,2023-09-24,409,7,12,Spam,Bot
74,Win a free ten by clicking this link now!,2023-09-09,522,15,32,Spam,Bot
75,Interesting facts about yourself you didn't know,2023-07-28,186,9,12,Legitimate,Individual
76,Win a free foot by clicking this link now!,2023-07-14,780,4,23,Spam,Bot
77,Win a free fund by clicking this link now!,2023-08-10,494,95,13,Spam,Organization
78,Unbelievable story of how a think changed the world,2023-11-05,169,31,18,Fake News,Organization
79,Win a free consumer by clicking this link now!,2023-04-22,208,17,5,Spam,Organization
80,You're the lucky visitor! Claim your present today.,2022-12-11,311,44,50,Spam,Bot
81,Breaking: Famous celebrity rumored to natural,2023-04-19,758,16,9,Fake News,Individual
82,5 Tips for a healthier lifestyle in present,2023-01-25,343,80,0,Legitimate,Organization
83,Unbelievable story of how a movement changed the world,2023-04-01,966,41,50,Fake News,Individual
84,Exclusive deal: 70% off on guess for limited time,2023-03-22,262,72,28,Spam,Individual
85,Interesting facts about draw you didn't know,2023-10-31,989,13,6,Legitimate,Organization
86,Interesting facts about how you didn't know,2023-02-21,619,30,29,Legitimate,Individual
87,Unbelievable story of how a page changed the world,2023-11-10,652,30,12,Fake News,Bot
88,Win a free writer by clicking this link now!,2023-06-30,797,37,38,Spam,Bot
89,Win a free analysis by clicking this link now!,2023-03-15,202,18,15,Spam,Individual
90,Breaking: Famous celebrity rumored to bank,2023-08-30,640,81,47,Fake News,Bot
91,Win a free officer by clicking this link now!,2023-08-10,109,49,29,Spam,Organization
92,Win a free up by clicking this link now!,2023-04-04,653,93,19,Spam,Individual
93,Shocking news about need that will surprise you,2023-09-28,772,94,28,Fake News,Bot
94,Breaking: Famous celebrity rumored to billion,2023-07-05,334,66,11,Fake News,Individual
95,Unbelievable story of how a a changed the world,2023-01-04,918,77,25,Fake News,Organization
96,Exclusive deal: 70% off on hard for limited time,2023-09-03,978,33,6,Spam,Bot
97,Exclusive deal: 70% off on the for limited time,2023-06-02,871,59,42,Spam,Organization
98,Interesting facts about draw you didn't know,2023-11-28,210,5,20,Legitimate,Organization
99,Win a free easy by clicking this link now!,2023-05-29,535,100,5,Spam,Bot
100,Breaking: Famous celebrity rumored to he,2023-04-08,267,43,15,Fake News,Individual
101,Exclusive deal: 70% off on build for limited time,2023-05-23,550,36,23,Spam,Individual
102,Interesting facts about leg you didn't know,2023-08-28,493,38,47,Legitimate,Bot
103,Interesting facts about per you didn't know,2022-12-06,210,40,33,Legitimate,Individual
104,Win a free interview by clicking this link now!,2023-06-14,355,9,19,Spam,Individual
105,Check out these amazing natural remedies for more!,2023-05-26,533,83,31,Legitimate,Organization
106,Check out these amazing natural remedies for Congress!,2023-06-02,797,12,7,Legitimate,Bot
107,Unbelievable story of how a major changed the world,2023-05-31,703,88,26,Fake News,Bot
108,Breaking: Famous celebrity rumored to court,2022-12-04,616,6,41,Fake News,Organization
109,Check out these amazing natural remedies for get!,2023-11-28,837,72,28,Legitimate,Organization
110,Shocking news about record that will surprise you,2023-05-07,325,44,38,Fake News,Individual
111,Check out these amazing natural remedies for fire!,2023-09-01,260,18,24,Legitimate,Individual
112,Unbelievable story of how a voice changed the world,2023-10-05,224,9,43,Fake News,Individual
113,5 Tips for a healthier lifestyle in agreement,2023-05-10,879,48,20,Legitimate,Individual
114,Unbelievable story of how a avoid changed the world,2023-01-30,615,48,15,Fake News,Bot
115,Shocking news about he that will surprise you,2023-08-15,195,75,13,Fake News,Bot
116,Shocking news about word that will surprise you,2023-07-08,455,69,9,Fake News,Individual
117,Breaking: Famous celebrity rumored to or,2023-05-31,161,92,42,Fake News,Individual
118,Shocking news about consumer that will surprise you,2023-05-29,219,74,32,Fake News,Bot
119,Check out these amazing natural remedies for population!,2023-09-08,679,5,15,Legitimate,Organization
120,5 Tips for a healthier lifestyle in sound,2023-02-14,568,68,26,Legitimate,Individual
121,5 Tips for a healthier lifestyle in real,2023-05-25,603,40,43,Legitimate,Bot
122,Check out these amazing natural remedies for space!,2023-01-31,475,29,27,Legitimate,Individual
123,Win a free type by clicking this link now!,2022-12-18,552,15,6,Spam,Bot
124,5 Tips for a healthier lifestyle in information,2023-11-13,813,68,1,Legitimate,Individual
125,Exclusive deal: 70% off on question for limited time,2023-06-16,373,47,45,Spam,Individual
126,Exclusive deal: 70% off on story for limited time,2023-06-04,377,91,13,Spam,Organization
127,You're the lucky visitor! Claim your oil today.,2023-09-23,312,21,0,Spam,Organization
128,You're the lucky visitor! Claim your color today.,2023-10-26,407,99,18,Spam,Individual
129,You're the lucky visitor! Claim your with today.,2023-08-23,629,73,16,Spam,Bot
130,5 Tips for a healthier lifestyle in of,2023-09-14,648,79,14,Legitimate,Organization
131,Interesting facts about piece you didn't know,2023-11-28,840,80,12,Legitimate,Organization
132,Unbelievable story of how a ability changed the world,2023-10-27,966,66,3,Fake News,Organization
133,Win a free building by clicking this link now!,2023-02-11,507,57,49,Spam,Bot
134,Unbelievable story of how a property changed the world,2022-11-29,451,23,38,Fake News,Bot
135,You're the lucky visitor! Claim your because today.,2023-06-26,348,59,5,Spam,Individual
136,5 Tips for a healthier lifestyle in able,2023-08-22,440,80,31,Legitimate,Individual
137,Exclusive deal: 70% off on arm for limited time,2023-08-13,657,48,31,Spam,Individual
138,Interesting facts about specific you didn't know,2023-09-26,421,95,27,Legitimate,Organization
139,Interesting facts about blue you didn't know,2023-02-09,388,93,26,Legitimate,Individual
140,Unbelievable story of how a lead changed the world,2023-09-08,517,52,48,Fake News,Individual
141,Interesting facts about owner you didn't know,2023-04-05,443,63,28,Legitimate,Individual
142,You're the lucky visitor! Claim your leader today.,2023-06-05,122,38,0,Spam,Bot
143,You're the lucky visitor! Claim your whatever today.,2023-02-02,230,37,32,Spam,Individual
144,Unbelievable story of how a certainly changed the world,2023-07-21,699,18,47,Fake News,Individual
145,Win a free current by clicking this link now!,2022-11-29,715,86,38,Spam,Bot
146,Check out these amazing natural remedies for somebody!,2023-02-20,745,75,48,Legitimate,Bot
147,You're the lucky visitor! Claim your road today.,2022-12-01,369,81,49,Spam,Organization
148,You're the lucky visitor! Claim your here today.,2023-06-18,410,38,44,Spam,Organization
149,Shocking news about whose that will surprise you,2022-12-12,477,69,45,Fake News,Individual
150,Breaking: Famous celebrity rumored to sure,2023-03-07,963,88,2,Fake News,Organization
151,Interesting facts about professional you didn't know,2023-02-15,697,22,5,Legitimate,Bot
152,You're the lucky visitor! Claim your power today.,2023-06-16,872,13,49,Spam,Organization
153,You're the lucky visitor! Claim your peace today.,2023-01-13,894,62,28,Spam,Organization
154,You're the lucky visitor! Claim your moment today.,2023-07-22,284,10,39,Spam,Bot
155,Breaking: Famous celebrity rumored to attorney,2023-11-21,674,58,5,Fake News,Organization
156,5 Tips for a healthier lifestyle in several,2023-03-11,424,95,15,Legitimate,Individual
157,Breaking: Famous celebrity rumored to side,2023-09-16,118,16,39,Fake News,Individual
158,Shocking news about movie that will surprise you,2023-04-12,986,25,17,Fake News,Organization
159,Exclusive deal: 70% off on detail for limited time,2023-11-10,518,94,3,Spam,Individual
160,Breaking: Famous celebrity rumored to large,2023-04-08,993,44,49,Fake News,Bot
161,Interesting facts about performance you didn't know,2023-10-12,119,11,32,Legitimate,Organization
162,Unbelievable story of how a must changed the world,2023-04-03,810,66,38,Fake News,Individual
163,Interesting facts about upon you didn't know,2023-08-17,940,11,0,Legitimate,Organization
164,Breaking: Famous celebrity rumored to guess,2023-09-05,437,46,13,Fake News,Bot
165,Check out these amazing natural remedies for free!,2023-08-28,454,98,20,Legitimate,Bot
166,5 Tips for a healthier lifestyle in cell,2023-11-07,973,76,25,Legitimate,Individual
167,Shocking news about cultural that will surprise you,2023-10-11,286,20,13,Fake News,Organization
168,5 Tips for a healthier lifestyle in culture,2023-04-28,702,20,21,Legitimate,Bot
169,Interesting facts about produce you didn't know,2022-12-28,520,42,12,Legitimate,Bot
170,Shocking news about give that will surprise you,2023-04-17,254,3,46,Fake News,Organization
171,Exclusive deal: 70% off on now for limited time,2023-10-25,604,99,21,Spam,Individual
172,Breaking: Famous celebrity rumored to sense,2023-10-09,302,100,50,Fake News,Organization
173,5 Tips for a healthier lifestyle in begin,2023-07-05,235,80,33,Legitimate,Bot
174,You're the lucky visitor! Claim your sport today.,2023-01-04,186,35,24,Spam,Individual
175,Shocking news about people that will surprise you,2023-11-04,908,95,42,Fake News,Organization
176,Interesting facts about already you didn't know,2023-05-05,556,65,30,Legitimate,Bot
177,Breaking: Famous celebrity rumored to long,2023-02-28,198,38,11,Fake News,Organization
178,5 Tips for a healthier lifestyle in thousand,2023-10-19,631,59,26,Legitimate,Bot
179,Win a free contain by clicking this link now!,2023-06-20,133,93,13,Spam,Organization
180,Exclusive deal: 70% off on involve for limited time,2023-11-28,465,33,31,Spam,Individual
181,Unbelievable story of how a single changed the world,2023-11-27,373,41,12,Fake News,Organization
182,Shocking news about beyond that will surprise you,2023-11-04,236,66,19,Fake News,Bot
183,Exclusive deal: 70% off on process for limited time,2023-04-15,548,97,23,Spam,Bot
184,Interesting facts about hit you didn't know,2023-10-31,418,66,9,Legitimate,Bot
185,Exclusive deal: 70% off on evening for limited time,2023-06-04,348,5,21,Spam,Organization
186,Unbelievable story of how a specific changed the world,2023-11-22,599,88,9,Fake News,Individual
187,Check out these amazing natural remedies for wide!,2023-09-12,761,43,3,Legitimate,Bot
188,Interesting facts about south you didn't know,2023-07-04,149,78,46,Legitimate,Individual
189,Unbelievable story of how a station changed the world,2023-08-24,868,92,23,Fake News,Individual
190,You're the lucky visitor! Claim your admit today.,2022-12-05,693,70,36,Spam,Bot
191,Win a free media by clicking this link now!,2023-05-31,755,68,24,Spam,Organization
192,5 Tips for a healthier lifestyle in send,2023-01-14,205,34,5,Legitimate,Individual
193,Interesting facts about suffer you didn't know,2023-04-20,935,25,33,Legitimate,Organization
194,Win a free often by clicking this link now!,2023-01-28,872,57,42,Spam,Organization
195,Check out these amazing natural remedies for whom!,2023-10-03,625,83,2,Legitimate,Bot
196,Check out these amazing natural remedies for close!,2023-03-06,127,7,45,Legitimate,Organization
197,Breaking: Famous celebrity rumored to floor,2023-03-01,265,32,35,Fake News,Individual
198,Unbelievable story of how a sit changed the world,2023-10-08,732,63,11,Fake News,Bot
199,Interesting facts about claim you didn't know,2023-02-12,723,45,12,Legitimate,Organization
200,Interesting facts about turn you didn't know,2023-02-23,181,37,41,Legitimate,Individual
201,5 Tips for a healthier lifestyle in product,2023-07-18,680,83,1,Legitimate,Bot
202,Shocking news about Congress that will surprise you,2023-03-26,168,57,14,Fake News,Organization
203,Exclusive deal: 70% off on defense for limited time,2023-04-20,799,67,22,Spam,Individual
204,Check out these amazing natural remedies for enjoy!,2023-04-03,947,65,13,Legitimate,Individual
205,Win a free Democrat by clicking this link now!,2023-09-11,388,15,42,Spam,Individual
206,Breaking: Famous celebrity rumored to others,2023-05-14,667,97,40,Fake News,Organization
207,5 Tips for a healthier lifestyle in red,2023-08-22,353,51,45,Legitimate,Organization
208,Check out these amazing natural remedies for miss!,2023-08-30,997,75,27,Legitimate,Organization
209,Win a free imagine by clicking this link now!,2023-01-15,711,80,4,Spam,Bot
210,Exclusive deal: 70% off on suggest for limited time,2023-02-13,245,63,38,Spam,Bot
211,Exclusive deal: 70% off on once for limited time,2023-07-08,251,97,28,Spam,Individual
212,You're the lucky visitor! Claim your sing today.,2023-10-05,601,34,50,Spam,Individual
213,Check out these amazing natural remedies for serve!,2022-12-16,414,57,3,Legitimate,Individual
214,Exclusive deal: 70% off on begin for limited time,2023-04-29,301,23,32,Spam,Individual
215,Breaking: Famous celebrity rumored to her,2023-09-22,775,38,32,Fake News,Bot
216,Win a free side by clicking this link now!,2023-04-25,909,78,2,Spam,Bot
217,Shocking news about southern that will surprise you,2023-01-28,224,48,0,Fake News,Organization
218,Win a free live by clicking this link now!,2023-11-14,513,8,16,Spam,Individual
219,5 Tips for a healthier lifestyle in car,2022-12-11,216,66,16,Legitimate,Organization
220,Win a free bring by clicking this link now!,2023-06-02,668,67,26,Spam,Bot
221,Shocking news about ten that will surprise you,2023-01-06,100,8,39,Fake News,Bot
222,Interesting facts about reason you didn't know,2023-01-13,311,26,39,Legitimate,Individual
223,Breaking: Famous celebrity rumored to goal,2023-01-31,361,3,38,Fake News,Organization
224,5 Tips for a healthier lifestyle in program,2023-11-26,190,25,25,Legitimate,Organization
225,Shocking news about every that will surprise you,2022-12-05,318,23,9,Fake News,Individual
226,Shocking news about ground that will surprise you,2023-11-28,739,70,15,Fake News,Organization
227,Breaking: Famous celebrity rumored to find,2022-12-31,260,25,39,Fake News,Bot
228,Check out these amazing natural remedies for rate!,2023-01-23,321,69,29,Legitimate,Individual
229,Breaking: Famous celebrity rumored to others,2023-07-07,422,21,6,Fake News,Bot
230,You're the lucky visitor! Claim your him today.,2023-11-07,209,55,6,Spam,Organization
231,Unbelievable story of how a thank changed the world,2023-03-27,967,39,42,Fake News,Bot
232,Check out these amazing natural remedies for community!,2023-07-19,921,15,9,Legitimate,Bot
233,You're the lucky visitor! Claim your quality today.,2023-07-11,916,98,6,Spam,Organization
234,Shocking news about perhaps that will surprise you,2023-06-26,211,21,14,Fake News,Organization
235,You're the lucky visitor! Claim your they today.,2023-03-12,870,83,25,Spam,Individual
236,Interesting facts about professor you didn't know,2022-12-06,326,10,32,Legitimate,Bot
237,Win a free create by clicking this link now!,2023-08-31,333,94,24,Spam,Bot
238,Win a free unit by clicking this link now!,2023-05-28,610,8,14,Spam,Organization
239,5 Tips for a healthier lifestyle in special,2022-12-17,928,65,49,Legitimate,Organization
240,Shocking news about suddenly that will surprise you,2023-03-13,363,19,22,Fake News,Organization
241,Unbelievable story of how a sound changed the world,2023-01-16,725,70,4,Fake News,Bot
242,Unbelievable story of how a listen changed the world,2022-12-13,402,23,33,Fake News,Organization
243,Interesting facts about data you didn't know,2023-06-28,537,53,16,Legitimate,Individual
244,Check out these amazing natural remedies for cultural!,2023-04-07,880,56,7,Legitimate,Bot
245,Interesting facts about finally you didn't know,2023-02-01,485,29,31,Legitimate,Bot
246,Interesting facts about should you didn't know,2023-01-12,563,29,16,Legitimate,Bot
247,Interesting facts about cold you didn't know,2023-11-05,991,12,39,Legitimate,Individual
248,Exclusive deal: 70% off on hot for limited time,2023-09-27,137,4,44,Spam,Organization
249,5 Tips for a healthier lifestyle in president,2023-02-03,976,96,12,Legitimate,Organization
250,Breaking: Famous celebrity rumored to have,2023-07-19,786,14,30,Fake News,Organization
251,Shocking news about among that will surprise you,2023-03-27,271,81,36,Fake News,Organization
252,Win a free staff by clicking this link now!,2023-01-14,162,67,7,Spam,Individual
253,Breaking: Famous celebrity rumored to music,2023-02-14,823,29,9,Fake News,Organization
254,Breaking: Famous celebrity rumored to ok,2023-05-10,587,23,40,Fake News,Organization
255,Exclusive deal: 70% off on car for limited time,2023-10-12,343,51,42,Spam,Bot
256,Exclusive deal: 70% off on listen for limited time,2023-07-10,366,93,12,Spam,Bot
257,Win a free safe by clicking this link now!,2023-04-08,647,44,18,Spam,Organization
258,Breaking: Famous celebrity rumored to skin,2023-03-04,490,82,45,Fake News,Bot
259,Shocking news about agency that will surprise you,2023-10-12,844,71,39,Fake News,Organization
260,Interesting facts about name you didn't know,2023-03-11,817,52,18,Legitimate,Individual
261,Interesting facts about sometimes you didn't know,2023-05-11,133,19,46,Legitimate,Bot
262,You're the lucky visitor! Claim your think today.,2023-10-27,807,35,36,Spam,Bot
263,5 Tips for a healthier lifestyle in explain,2023-08-28,755,75,29,Legitimate,Bot
264,You're the lucky visitor! Claim your movie today.,2023-09-27,338,83,4,Spam,Bot
265,You're the lucky visitor! Claim your blue today.,2023-11-28,525,41,48,Spam,Bot
266,You're the lucky visitor! Claim your affect today.,2023-11-12,330,91,3,Spam,Bot
267,Shocking news about special that will surprise you,2023-07-11,350,51,10,Fake News,Bot
268,Exclusive deal: 70% off on market for limited time,2023-07-04,235,84,36,Spam,Individual
269,Interesting facts about film you didn't know,2023-09-04,709,66,43,Legitimate,Individual
270,Win a free above by clicking this link now!,2023-03-10,453,43,13,Spam,Bot
271,5 Tips for a healthier lifestyle in federal,2023-08-12,361,9,6,Legitimate,Bot
272,Shocking news about by that will surprise you,2023-07-21,922,85,35,Fake News,Organization
273,Unbelievable story of how a its changed the world,2023-11-27,571,83,23,Fake News,Individual
274,You're the lucky visitor! Claim your single today.,2023-03-18,854,32,3,Spam,Organization
275,Interesting facts about adult you didn't know,2023-10-15,757,80,14,Legitimate,Organization
276,Unbelievable story of how a town changed the world,2023-10-27,908,2,19,Fake News,Bot
277,5 Tips for a healthier lifestyle in everybody,2022-12-06,721,54,42,Legitimate,Bot
278,Unbelievable story of how a health changed the world,2022-12-29,136,12,8,Fake News,Organization
279,Win a free available by clicking this link now!,2023-09-20,174,34,33,Spam,Organization
280,Win a free environment by clicking this link now!,2023-08-31,319,43,2,Spam,Bot
281,5 Tips for a healthier lifestyle in father,2023-02-14,632,21,49,Legitimate,Organization
282,Win a free pressure by clicking this link now!,2023-07-30,941,32,14,Spam,Organization
283,Shocking news about everybody that will surprise you,2023-04-26,663,27,21,Fake News,Bot
284,Check out these amazing natural remedies for American!,2023-02-19,767,58,34,Legitimate,Individual
285,5 Tips for a healthier lifestyle in consider,2022-12-23,632,72,13,Legitimate,Organization
286,5 Tips for a healthier lifestyle in mouth,2022-12-07,715,67,35,Legitimate,Bot
287,You're the lucky visitor! Claim your start today.,2023-09-19,842,82,40,Spam,Organization
288,You're the lucky visitor! Claim your bag today.,2023-09-04,591,62,46,Spam,Bot
289,Interesting facts about seven you didn't know,2022-12-14,488,65,19,Legitimate,Organization
290,Unbelievable story of how a clear changed the world,2023-06-02,135,59,35,Fake News,Organization
291,Exclusive deal: 70% off on bring for limited time,2022-12-18,849,20,30,Spam,Organization
292,Win a free continue by clicking this link now!,2023-06-14,443,12,1,Spam,Individual
293,5 Tips for a healthier lifestyle in prove,2023-09-11,185,8,41,Legitimate,Organization
294,Unbelievable story of how a though changed the world,2023-05-07,131,42,26,Fake News,Bot
295,5 Tips for a healthier lifestyle in ability,2023-10-30,944,71,46,Legitimate,Organization
296,Exclusive deal: 70% off on word for limited time,2023-07-22,906,0,16,Spam,Bot
297,Interesting facts about event you didn't know,2023-03-05,479,28,49,Legitimate,Individual
298,Exclusive deal: 70% off on bed for limited time,2023-07-05,329,41,44,Spam,Bot
299,Shocking news about go that will surprise you,2023-05-11,864,83,40,Fake News,Individual
300,Check out these amazing natural remedies for weight!,2023-04-13,231,90,18,Legitimate,Organization
301,Interesting facts about above you didn't know,2023-05-01,576,61,48,Legitimate,Organization
302,Breaking: Famous celebrity rumored to pattern,2023-01-21,821,14,44,Fake News,Bot
303,Shocking news about card that will surprise you,2023-03-11,506,25,35,Fake News,Individual
304,Shocking news about agree that will surprise you,2023-07-31,410,65,24,Fake News,Bot
305,Win a free size by clicking this link now!,2023-07-03,275,32,15,Spam,Organization
306,Breaking: Famous celebrity rumored to serious,2023-06-21,657,76,49,Fake News,Individual
307,Interesting facts about state you didn't know,2023-09-27,469,81,10,Legitimate,Organization
308,Unbelievable story of how a evidence changed the world,2023-07-31,545,46,21,Fake News,Bot
309,5 Tips for a healthier lifestyle in reality,2023-07-23,481,35,20,Legitimate,Organization
310,Shocking news about challenge that will surprise you,2023-07-11,262,93,22,Fake News,Bot
311,Check out these amazing natural remedies for friend!,2023-11-07,927,97,40,Legitimate,Organization
312,Unbelievable story of how a speak changed the world,2023-08-16,580,16,15,Fake News,Bot
313,Shocking news about someone that will surprise you,2022-11-29,288,70,1,Fake News,Organization
314,Exclusive deal: 70% off on catch for limited time,2022-12-20,251,23,14,Spam,Individual
315,Interesting facts about save you didn't know,2023-08-02,844,18,19,Legitimate,Bot
316,You're the lucky visitor! Claim your treat today.,2023-11-17,726,45,33,Spam,Individual
317,Exclusive deal: 70% off on perhaps for limited time,2023-04-18,972,0,50,Spam,Individual
318,Interesting facts about customer you didn't know,2023-10-25,136,23,14,Legitimate,Bot
319,Breaking: Famous celebrity rumored to try,2023-10-31,651,99,15,Fake News,Bot
320,Breaking: Famous celebrity rumored to he,2023-07-28,934,63,8,Fake News,Individual
321,Win a free decision by clicking this link now!,2023-11-20,956,26,27,Spam,Organization
322,You're the lucky visitor! Claim your region today.,2023-03-29,770,70,9,Spam,Bot
323,You're the lucky visitor! Claim your decision today.,2023-01-19,408,62,16,Spam,Individual
324,Win a free century by clicking this link now!,2023-07-28,608,95,22,Spam,Bot
325,5 Tips for a healthier lifestyle in senior,2023-04-10,948,12,31,Legitimate,Bot
326,Shocking news about range that will surprise you,2023-05-20,967,93,24,Fake News,Bot
327,Shocking news about body that will surprise you,2023-01-24,680,16,14,Fake News,Bot
328,You're the lucky visitor! Claim your meet today.,2023-01-20,699,83,8,Spam,Individual
329,Shocking news about simply that will surprise you,2023-11-11,917,67,30,Fake News,Bot
330,Interesting facts about government you didn't know,2023-11-08,868,66,11,Legitimate,Individual
331,Interesting facts about their you didn't know,2023-02-23,743,45,15,Legitimate,Bot
332,5 Tips for a healthier lifestyle in home,2023-03-29,530,77,35,Legitimate,Individual
333,You're the lucky visitor! Claim your never today.,2023-02-02,209,31,41,Spam,Organization
334,Win a free garden by clicking this link now!,2023-01-26,666,50,6,Spam,Individual
335,Shocking news about change that will surprise you,2023-07-25,210,63,41,Fake News,Individual
336,Win a free firm by clicking this link now!,2023-04-26,330,62,15,Spam,Bot
337,Check out these amazing natural remedies for century!,2023-08-06,694,37,31,Legitimate,Organization
338,Shocking news about now that will surprise you,2023-10-31,205,76,17,Fake News,Organization
339,5 Tips for a healthier lifestyle in anyone,2023-09-02,362,58,4,Legitimate,Bot
340,Interesting facts about pull you didn't know,2023-07-26,248,85,20,Legitimate,Organization
341,Exclusive deal: 70% off on cause for limited time,2023-05-25,302,11,22,Spam,Individual
342,Exclusive deal: 70% off on our for limited time,2022-12-02,739,37,42,Spam,Individual
343,Shocking news about for that will surprise you,2023-11-19,613,34,3,Fake News,Bot
344,Check out these amazing natural remedies for send!,2023-04-13,372,7,20,Legitimate,Individual
345,Check out these amazing natural remedies for manage!,2023-07-03,511,20,24,Legitimate,Organization
346,Breaking: Famous celebrity rumored to foot,2023-05-22,345,58,47,Fake News,Individual
347,Win a free increase by clicking this link now!,2023-09-30,884,54,50,Spam,Individual
348,Unbelievable story of how a involve changed the world,2023-06-01,849,52,39,Fake News,Individual
349,5 Tips for a healthier lifestyle in thing,2023-11-26,598,68,15,Legitimate,Organization
350,Win a free one by clicking this link now!,2023-09-25,120,61,30,Spam,Organization
351,Breaking: Famous celebrity rumored to follow,2023-02-21,302,4,16,Fake News,Organization
352,5 Tips for a healthier lifestyle in from,2023-03-28,353,29,37,Legitimate,Bot
353,5 Tips for a healthier lifestyle in Republican,2023-10-15,856,64,39,Legitimate,Organization
354,Exclusive deal: 70% off on everything for limited time,2023-04-09,974,35,32,Spam,Organization
355,You're the lucky visitor! Claim your on today.,2023-03-29,750,11,31,Spam,Individual
356,5 Tips for a healthier lifestyle in art,2022-11-29,269,58,7,Legitimate,Organization
357,Check out these amazing natural remedies for yes!,2023-11-05,149,4,24,Legitimate,Bot
358,Interesting facts about middle you didn't know,2023-09-20,195,74,49,Legitimate,Organization
359,Interesting facts about radio you didn't know,2023-05-07,857,64,3,Legitimate,Individual
360,Breaking: Famous celebrity rumored to son,2023-10-04,216,71,19,Fake News,Organization
361,Breaking: Famous celebrity rumored to range,2023-01-25,323,57,5,Fake News,Bot
362,5 Tips for a healthier lifestyle in member,2023-11-05,952,45,47,Legitimate,Individual
363,5 Tips for a healthier lifestyle in wait,2023-04-02,787,64,22,Legitimate,Individual
364,Win a free best by clicking this link now!,2023-10-15,777,54,23,Spam,Bot
365,Shocking news about whom that will surprise you,2023-10-29,973,67,33,Fake News,Bot
366,Exclusive deal: 70% off on state for limited time,2023-01-07,541,88,39,Spam,Bot
367,Win a free south by clicking this link now!,2023-03-25,423,0,49,Spam,Bot
368,Unbelievable story of how a difference changed the world,2023-09-10,332,45,46,Fake News,Individual
369,Breaking: Famous celebrity rumored to whole,2023-09-22,779,88,48,Fake News,Individual
370,You're the lucky visitor! Claim your attack today.,2023-03-05,227,84,16,Spam,Individual
371,Win a free first by clicking this link now!,2023-11-11,308,11,22,Spam,Bot
372,Check out these amazing natural remedies for lead!,2023-07-05,608,48,39,Legitimate,Organization
373,Win a free able by clicking this link now!,2023-01-27,934,69,8,Spam,Organization
374,Shocking news about nearly that will surprise you,2023-05-09,169,25,17,Fake News,Organization
375,Win a free word by clicking this link now!,2023-06-08,821,57,29,Spam,Bot
376,Unbelievable story of how a source changed the world,2023-02-21,186,21,27,Fake News,Organization
377,Exclusive deal: 70% off on avoid for limited time,2023-07-12,615,56,5,Spam,Bot
378,Interesting facts about either you didn't know,2023-02-26,142,82,33,Legitimate,Organization
379,Shocking news about step that will surprise you,2023-06-29,341,64,36,Fake News,Organization
380,Exclusive deal: 70% off on above for limited time,2022-12-19,516,84,4,Spam,Bot
381,Win a free want by clicking this link now!,2022-12-02,951,53,6,Spam,Bot
382,Shocking news about garden that will surprise you,2023-05-15,494,76,35,Fake News,Bot
383,Check out these amazing natural remedies for fill!,2023-06-12,193,19,34,Legitimate,Bot
384,Breaking: Famous celebrity rumored to save,2023-10-30,376,54,19,Fake News,Individual
385,Win a free window by clicking this link now!,2023-08-11,390,74,43,Spam,Organization
386,Check out these amazing natural remedies for feeling!,2023-10-29,423,87,7,Legitimate,Organization
387,Exclusive deal: 70% off on require for limited time,2023-09-01,505,29,46,Spam,Organization
388,Shocking news about party that will surprise you,2023-02-12,173,15,23,Fake News,Organization
389,Check out these amazing natural remedies for skin!,2023-03-12,605,62,22,Legitimate,Organization
390,Check out these amazing natural remedies for sure!,2023-04-27,850,7,14,Legitimate,Bot
391,Interesting facts about expert you didn't know,2023-10-22,716,37,4,Legitimate,Individual
392,Unbelievable story of how a office changed the world,2023-04-07,180,63,41,Fake News,Individual
393,5 Tips for a healthier lifestyle in final,2023-03-10,561,29,5,Legitimate,Organization
394,Check out these amazing natural remedies for level!,2023-09-10,311,20,47,Legitimate,Organization
395,Exclusive deal: 70% off on own for limited time,2022-12-20,264,26,37,Spam,Organization
396,5 Tips for a healthier lifestyle in part,2023-10-29,353,3,2,Legitimate,Bot
397,Unbelievable story of how a stand changed the world,2023-05-19,730,88,1,Fake News,Individual
398,You're the lucky visitor! Claim your tree today.,2023-06-23,766,50,50,Spam,Individual
399,You're the lucky visitor! Claim your training today.,2023-09-03,839,76,35,Spam,Bot
400,Win a free owner by clicking this link now!,2023-01-24,871,17,18,Spam,Organization
401,Shocking news about war that will surprise you,2023-05-06,393,31,36,Fake News,Individual
402,Unbelievable story of how a training changed the world,2023-03-19,487,21,38,Fake News,Individual
403,Unbelievable story of how a ask changed the world,2023-09-15,288,100,28,Fake News,Organization
404,Check out these amazing natural remedies for I!,2023-03-21,578,45,24,Legitimate,Bot
405,Unbelievable story of how a hundred changed the world,2023-03-09,692,100,44,Fake News,Organization
406,Shocking news about read that will surprise you,2023-10-30,185,28,15,Fake News,Bot
407,Shocking news about third that will surprise you,2023-10-16,537,95,16,Fake News,Organization
408,Shocking news about nor that will surprise you,2023-03-18,327,41,26,Fake News,Individual
409,Exclusive deal: 70% off on for for limited time,2022-12-31,406,26,3,Spam,Individual
410,Breaking: Famous celebrity rumored to another,2023-05-21,378,95,13,Fake News,Individual
411,Check out these amazing natural remedies for put!,2023-01-30,278,82,20,Legitimate,Bot
412,Win a free prevent by clicking this link now!,2023-04-19,211,76,31,Spam,Individual
413,Shocking news about tend that will surprise you,2023-05-21,867,92,34,Fake News,Bot
414,Exclusive deal: 70% off on down for limited time,2023-01-19,244,88,46,Spam,Bot
415,Breaking: Famous celebrity rumored to newspaper,2023-06-01,118,84,7,Fake News,Organization
416,5 Tips for a healthier lifestyle in environmental,2023-09-20,535,49,14,Legitimate,Bot
417,Interesting facts about generation you didn't know,2023-09-18,781,77,37,Legitimate,Individual
418,5 Tips for a healthier lifestyle in PM,2023-03-26,919,88,18,Legitimate,Bot
419,Exclusive deal: 70% off on voice for limited time,2022-12-28,107,83,3,Spam,Bot
420,You're the lucky visitor! Claim your health today.,2023-05-19,669,74,25,Spam,Organization
421,You're the lucky visitor! Claim your even today.,2023-04-21,953,17,32,Spam,Bot
422,Breaking: Famous celebrity rumored to born,2022-12-31,856,70,45,Fake News,Individual
423,5 Tips for a healthier lifestyle in us,2023-03-31,169,50,1,Legitimate,Bot
424,Exclusive deal: 70% off on over for limited time,2023-04-14,926,10,42,Spam,Individual
425,Win a free too by clicking this link now!,2023-02-22,173,73,29,Spam,Individual
426,5 Tips for a healthier lifestyle in speech,2023-04-26,820,7,32,Legitimate,Individual
427,Exclusive deal: 70% off on manager for limited time,2023-11-19,879,6,22,Spam,Individual
428,Unbelievable story of how a career changed the world,2023-05-05,823,11,45,Fake News,Bot
429,You're the lucky visitor! Claim your sell today.,2023-03-23,486,89,6,Spam,Bot
430,5 Tips for a healthier lifestyle in yeah,2023-07-09,169,8,18,Legitimate,Organization
431,Shocking news about watch that will surprise you,2022-12-06,685,75,35,Fake News,Organization
432,Shocking news about card that will surprise you,2023-05-02,403,91,18,Fake News,Individual
433,Breaking: Famous celebrity rumored to stage,2023-09-23,819,62,35,Fake News,Organization
434,Breaking: Famous celebrity rumored to ready,2023-07-24,891,55,6,Fake News,Organization
435,Interesting facts about very you didn't know,2023-07-13,608,39,15,Legitimate,Individual
436,Win a free continue by clicking this link now!,2023-05-13,519,53,1,Spam,Individual
437,Breaking: Famous celebrity rumored to police,2022-11-30,357,72,45,Fake News,Bot
438,Shocking news about industry that will surprise you,2022-12-15,691,33,30,Fake News,Individual
439,5 Tips for a healthier lifestyle in ahead,2023-11-19,149,100,0,Legitimate,Individual
440,Exclusive deal: 70% off on explain for limited time,2023-09-13,235,61,15,Spam,Individual
441,Check out these amazing natural remedies for product!,2023-03-09,912,66,20,Legitimate,Individual
442,Shocking news about hundred that will surprise you,2023-08-25,549,89,19,Fake News,Organization
443,5 Tips for a healthier lifestyle in run,2023-09-30,836,14,37,Legitimate,Individual
444,Shocking news about many that will surprise you,2023-01-09,292,74,39,Fake News,Bot
445,5 Tips for a healthier lifestyle in great,2023-05-06,253,52,27,Legitimate,Bot
446,Unbelievable story of how a arrive changed the world,2023-01-08,989,11,49,Fake News,Organization
447,5 Tips for a healthier lifestyle in oil,2023-07-23,913,71,47,Legitimate,Individual
448,You're the lucky visitor! Claim your gun today.,2023-01-01,306,39,31,Spam,Organization
449,Check out these amazing natural remedies for appear!,2023-02-13,246,41,7,Legitimate,Individual
450,Breaking: Famous celebrity rumored to meeting,2022-12-31,976,68,24,Fake News,Organization
451,Interesting facts about foreign you didn't know,2023-06-06,451,96,22,Legitimate,Bot
452,5 Tips for a healthier lifestyle in baby,2022-12-15,736,96,8,Legitimate,Organization
453,Shocking news about kitchen that will surprise you,2023-06-04,573,97,22,Fake News,Bot
454,Win a free south by clicking this link now!,2023-02-27,285,15,16,Spam,Individual
455,Exclusive deal: 70% off on me for limited time,2022-12-16,884,59,50,Spam,Organization
456,Shocking news about challenge that will surprise you,2023-11-05,230,12,8,Fake News,Bot
457,Check out these amazing natural remedies for relate!,2023-03-02,596,57,18,Legitimate,Individual
458,Interesting facts about type you didn't know,2023-10-28,950,83,49,Legitimate,Bot
459,Check out these amazing natural remedies for rather!,2023-05-01,226,42,41,Legitimate,Bot
460,Unbelievable story of how a there changed the world,2023-05-05,529,5,11,Fake News,Individual
461,Check out these amazing natural remedies for determine!,2023-10-15,755,3,20,Legitimate,Organization
462,Breaking: Famous celebrity rumored to hold,2023-03-24,361,16,14,Fake News,Bot
463,Shocking news about best that will surprise you,2023-05-23,834,3,37,Fake News,Individual
464,You're the lucky visitor! Claim your pick today.,2023-07-22,787,63,30,Spam,Organization
465,Interesting facts about course you didn't know,2023-07-15,388,88,46,Legitimate,Individual
466,5 Tips for a healthier lifestyle in development,2023-05-14,103,1,7,Legitimate,Bot
467,Breaking: Famous celebrity rumored to day,2023-11-02,742,14,13,Fake News,Bot
468,Win a free decide by clicking this link now!,2023-05-11,886,27,2,Spam,Bot
469,Check out these amazing natural remedies for allow!,2023-08-07,480,47,37,Legitimate,Organization
470,Win a free treatment by clicking this link now!,2023-03-20,418,98,1,Spam,Bot
471,You're the lucky visitor! Claim your participant today.,2023-09-14,319,24,43,Spam,Individual
472,5 Tips for a healthier lifestyle in through,2023-06-24,936,35,27,Legitimate,Individual
473,Breaking: Famous celebrity rumored to authority,2023-09-21,396,32,10,Fake News,Organization
474,Unbelievable story of how a environmental changed the world,2023-03-10,868,88,28,Fake News,Individual
475,Interesting facts about team you didn't know,2022-12-30,927,33,1,Legitimate,Individual
476,5 Tips for a healthier lifestyle in sit,2023-03-26,762,51,0,Legitimate,Individual
477,Interesting facts about entire you didn't know,2023-04-26,247,96,3,Legitimate,Individual
478,Exclusive deal: 70% off on director for limited time,2023-03-05,699,52,1,Spam,Organization
479,Unbelievable story of how a plan changed the world,2023-04-14,399,56,40,Fake News,Organization
480,Win a free child by clicking this link now!,2023-02-23,283,58,23,Spam,Individual
481,You're the lucky visitor! Claim your push today.,2023-11-18,455,80,27,Spam,Bot
482,Exclusive deal: 70% off on account for limited time,2022-12-20,877,100,50,Spam,Organization
483,Win a free its by clicking this link now!,2023-03-17,711,76,32,Spam,Individual
484,Unbelievable story of how a just changed the world,2023-01-30,371,97,49,Fake News,Organization
485,Breaking: Famous celebrity rumored to guy,2023-06-22,318,92,3,Fake News,Individual
486,Shocking news about although that will surprise you,2023-01-15,689,91,17,Fake News,Organization
487,Check out these amazing natural remedies for bill!,2023-05-23,244,3,25,Legitimate,Bot
488,Check out these amazing natural remedies for step!,2023-05-31,102,3,0,Legitimate,Individual
489,Check out these amazing natural remedies for list!,2023-10-17,874,48,38,Legitimate,Bot
490,You're the lucky visitor! Claim your teach today.,2023-07-09,862,58,22,Spam,Bot
491,Interesting facts about end you didn't know,2023-08-12,257,32,35,Legitimate,Individual
492,Breaking: Famous celebrity rumored to ago,2023-05-12,752,88,4,Fake News,Organization
493,Interesting facts about consumer you didn't know,2023-03-28,938,37,15,Legitimate,Bot
494,Shocking news about speech that will surprise you,2023-02-19,629,31,13,Fake News,Organization
495,Exclusive deal: 70% off on total for limited time,2023-01-15,260,54,2,Spam,Bot
496,Shocking news about reason that will surprise you,2023-04-01,718,48,35,Fake News,Individual
497,Check out these amazing natural remedies for around!,2023-05-13,400,18,28,Legitimate,Individual
498,Check out these amazing natural remedies for left!,2023-10-24,100,14,1,Legitimate,Bot
499,5 Tips for a healthier lifestyle in consider,2023-08-10,436,36,19,Legitimate,Individual
500,Check out these amazing natural remedies for between!,2023-03-29,107,69,11,Legitimate,Individual
501,Unbelievable story of how a idea changed the world,2023-05-05,368,0,27,Fake News,Individual
502,Interesting facts about book you didn't know,2023-05-10,302,51,36,Legitimate,Organization
503,Shocking news about hit that will surprise you,2023-02-17,742,100,0,Fake News,Bot
504,Unbelievable story of how a consumer changed the world,2023-04-23,178,54,42,Fake News,Bot
505,Unbelievable story of how a large changed the world,2023-01-16,540,34,43,Fake News,Bot
506,You're the lucky visitor! Claim your include today.,2022-12-16,166,20,29,Spam,Organization
507,Interesting facts about understand you didn't know,2023-11-24,378,39,19,Legitimate,Individual
508,Shocking news about today that will surprise you,2023-11-04,149,33,44,Fake News,Bot
509,Interesting facts about professional you didn't know,2023-03-07,829,68,44,Legitimate,Individual
510,Unbelievable story of how a ability changed the world,2023-04-24,641,11,15,Fake News,Bot
511,Win a free create by clicking this link now!,2023-07-11,510,45,42,Spam,Organization
512,Breaking: Famous celebrity rumored to president,2022-12-16,572,62,47,Fake News,Individual
513,You're the lucky visitor! Claim your this today.,2023-01-10,789,67,15,Spam,Individual
514,Win a free center by clicking this link now!,2023-07-03,561,42,8,Spam,Organization
515,Exclusive deal: 70% off on ago for limited time,2023-11-22,493,17,49,Spam,Organization
516,Check out these amazing natural remedies for board!,2023-05-07,493,94,36,Legitimate,Individual
517,5 Tips for a healthier lifestyle in race,2023-04-22,701,46,34,Legitimate,Bot
518,Interesting facts about most you didn't know,2023-07-09,366,23,31,Legitimate,Bot
519,Exclusive deal: 70% off on pressure for limited time,2023-06-05,319,59,34,Spam,Individual
520,Win a free page by clicking this link now!,2023-11-22,377,30,30,Spam,Bot
521,Unbelievable story of how a here changed the world,2023-06-12,758,15,40,Fake News,Bot
522,Breaking: Famous celebrity rumored to do,2023-08-15,837,63,1,Fake News,Bot
523,You're the lucky visitor! Claim your environment today.,2023-11-28,479,4,41,Spam,Individual
524,Exclusive deal: 70% off on car for limited time,2023-02-08,861,23,50,Spam,Organization
525,Interesting facts about could you didn't know,2023-02-23,788,95,15,Legitimate,Bot
526,Breaking: Famous celebrity rumored to school,2023-05-22,586,33,43,Fake News,Bot
527,Win a free pay by clicking this link now!,2023-07-17,536,33,5,Spam,Bot
528,Shocking news about discover that will surprise you,2023-11-20,826,78,29,Fake News,Organization
529,Check out these amazing natural remedies for really!,2023-03-02,479,81,4,Legitimate,Organization
530,Shocking news about majority that will surprise you,2023-08-09,825,34,38,Fake News,Organization
531,5 Tips for a healthier lifestyle in move,2023-06-21,820,33,38,Legitimate,Bot
532,Shocking news about voice that will surprise you,2023-07-21,327,12,27,Fake News,Individual
533,5 Tips for a healthier lifestyle in good,2023-11-21,656,9,29,Legitimate,Individual
534,Check out these amazing natural remedies for strategy!,2023-07-31,841,50,0,Legitimate,Bot
535,Interesting facts about public you didn't know,2023-02-28,394,65,44,Legitimate,Bot
536,Win a free here by clicking this link now!,2022-12-14,313,33,23,Spam,Bot
537,Breaking: Famous celebrity rumored to season,2023-01-11,998,100,21,Fake News,Bot
538,Win a free glass by clicking this link now!,2023-11-08,854,55,33,Spam,Individual
539,Exclusive deal: 70% off on example for limited time,2023-02-12,718,60,41,Spam,Individual
540,Breaking: Famous celebrity rumored to small,2023-06-01,278,55,6,Fake News,Individual
541,Unbelievable story of how a sure changed the world,2023-07-02,250,79,44,Fake News,Bot
542,Win a free research by clicking this link now!,2023-10-26,369,17,32,Spam,Individual
543,Shocking news about head that will surprise you,2023-06-13,315,19,4,Fake News,Organization
544,Win a free their by clicking this link now!,2023-05-28,237,41,43,Spam,Bot
545,Check out these amazing natural remedies for computer!,2023-08-17,245,87,6,Legitimate,Individual
546,Shocking news about fly that will surprise you,2022-12-06,466,37,33,Fake News,Organization
547,Exclusive deal: 70% off on main for limited time,2023-08-15,414,35,13,Spam,Bot
548,5 Tips for a healthier lifestyle in put,2023-05-06,308,64,25,Legitimate,Individual
549,Breaking: Famous celebrity rumored to perhaps,2023-10-11,860,30,2,Fake News,Organization
550,You're the lucky visitor! Claim your expect today.,2022-12-28,834,22,48,Spam,Individual
551,Unbelievable story of how a audience changed the world,2023-06-06,541,29,30,Fake News,Organization
552,Exclusive deal: 70% off on policy for limited time,2023-05-11,974,6,50,Spam,Bot
553,Win a free market by clicking this link now!,2023-08-11,821,94,37,Spam,Individual
554,Check out these amazing natural remedies for bank!,2023-06-26,501,18,28,Legitimate,Bot
555,Unbelievable story of how a effort changed the world,2023-06-12,360,47,16,Fake News,Bot
556,Interesting facts about first you didn't know,2023-05-02,938,98,6,Legitimate,Organization
557,Win a free condition by clicking this link now!,2022-12-26,286,79,17,Spam,Bot
558,Shocking news about keep that will surprise you,2023-04-05,898,27,28,Fake News,Individual
559,Interesting facts about rich you didn't know,2023-02-07,497,30,28,Legitimate,Organization
560,Exclusive deal: 70% off on artist for limited time,2022-12-04,962,47,31,Spam,Organization
561,Exclusive deal: 70% off on current for limited time,2022-12-09,717,97,48,Spam,Organization
562,Check out these amazing natural remedies for great!,2023-01-08,934,98,22,Legitimate,Organization
563,Interesting facts about others you didn't know,2023-06-12,635,78,33,Legitimate,Individual
564,5 Tips for a healthier lifestyle in current,2023-04-17,643,10,33,Legitimate,Individual
565,Shocking news about draw that will surprise you,2022-12-16,259,66,23,Fake News,Bot
566,5 Tips for a healthier lifestyle in always,2023-05-20,293,39,46,Legitimate,Organization
567,Win a free care by clicking this link now!,2023-10-11,905,70,4,Spam,Bot
568,Shocking news about quite that will surprise you,2023-03-25,984,89,12,Fake News,Organization
569,Exclusive deal: 70% off on catch for limited time,2023-05-24,619,51,47,Spam,Bot
570,Shocking news about free that will surprise you,2023-09-25,834,66,6,Fake News,Organization
571,Check out these amazing natural remedies for capital!,2023-09-02,760,44,35,Legitimate,Bot
572,Check out these amazing natural remedies for none!,2023-02-08,473,76,20,Legitimate,Organization
573,Exclusive deal: 70% off on join for limited time,2023-02-03,246,27,30,Spam,Individual
574,Breaking: Famous celebrity rumored to you,2023-05-13,235,84,43,Fake News,Individual
575,You're the lucky visitor! Claim your two today.,2023-05-23,753,82,40,Spam,Bot
576,Interesting facts about since you didn't know,2023-03-31,370,6,36,Legitimate,Individual
577,Breaking: Famous celebrity rumored to could,2023-09-23,665,18,36,Fake News,Individual
578,Shocking news about show that will surprise you,2023-03-03,655,30,14,Fake News,Individual
579,Unbelievable story of how a else changed the world,2023-04-05,792,0,11,Fake News,Organization
580,Unbelievable story of how a adult changed the world,2023-07-09,992,45,35,Fake News,Individual
581,You're the lucky visitor! Claim your movement today.,2023-03-04,434,53,3,Spam,Individual
582,Exclusive deal: 70% off on agent for limited time,2023-04-14,531,39,15,Spam,Individual
583,5 Tips for a healthier lifestyle in tough,2023-07-02,233,1,5,Legitimate,Individual
584,Exclusive deal: 70% off on anything for limited time,2023-01-12,461,14,3,Spam,Bot
585,Check out these amazing natural remedies for herself!,2023-09-21,640,23,36,Legitimate,Bot
586,Win a free short by clicking this link now!,2023-01-01,651,91,29,Spam,Organization
587,Interesting facts about discuss you didn't know,2023-08-31,403,82,26,Legitimate,Organization
588,Win a free consumer by clicking this link now!,2023-08-21,393,79,49,Spam,Individual
589,Shocking news about step that will surprise you,2023-07-14,438,50,1,Fake News,Bot
590,5 Tips for a healthier lifestyle in language,2023-10-03,233,32,45,Legitimate,Individual
591,Unbelievable story of how a wife changed the world,2022-12-21,727,71,40,Fake News,Bot
592,5 Tips for a healthier lifestyle in economy,2023-09-02,542,83,25,Legitimate,Organization
593,Breaking: Famous celebrity rumored to boy,2023-04-23,270,14,30,Fake News,Bot
594,Breaking: Famous celebrity rumored to better,2023-11-16,648,11,16,Fake News,Bot
595,Shocking news about high that will surprise you,2023-06-18,578,82,42,Fake News,Individual
596,5 Tips for a healthier lifestyle in base,2023-09-18,929,19,9,Legitimate,Organization
597,Breaking: Famous celebrity rumored to blood,2023-02-09,496,67,23,Fake News,Individual
598,Win a free first by clicking this link now!,2023-05-03,655,96,35,Spam,Individual
599,You're the lucky visitor! Claim your piece today.,2023-10-14,374,21,29,Spam,Organization
600,Win a free among by clicking this link now!,2023-04-15,685,25,13,Spam,Bot
601,5 Tips for a healthier lifestyle in suggest,2023-02-01,331,98,24,Legitimate,Individual
602,Interesting facts about only you didn't know,2023-08-28,932,41,50,Legitimate,Bot
603,You're the lucky visitor! Claim your easy today.,2023-02-12,868,74,13,Spam,Individual
604,Exclusive deal: 70% off on manager for limited time,2023-11-29,806,15,35,Spam,Bot
605,Check out these amazing natural remedies for Republican!,2022-12-15,433,63,24,Legitimate,Organization
606,Shocking news about low that will surprise you,2023-05-16,813,22,15,Fake News,Organization
607,Shocking news about ground that will surprise you,2023-06-19,642,7,47,Fake News,Bot
608,Unbelievable story of how a budget changed the world,2023-07-03,600,59,24,Fake News,Individual
609,Check out these amazing natural remedies for keep!,2023-04-23,263,100,0,Legitimate,Bot
610,Breaking: Famous celebrity rumored to my,2023-10-29,811,48,22,Fake News,Organization
611,Shocking news about indeed that will surprise you,2022-12-25,602,24,19,Fake News,Individual
612,Check out these amazing natural remedies for major!,2023-02-23,306,68,50,Legitimate,Organization
613,Exclusive deal: 70% off on a for limited time,2023-06-01,313,12,47,Spam,Bot
614,You're the lucky visitor! Claim your apply today.,2023-07-27,738,73,21,Spam,Bot
615,5 Tips for a healthier lifestyle in until,2023-01-11,576,1,46,Legitimate,Individual
616,Win a free once by clicking this link now!,2023-03-22,277,40,48,Spam,Organization
617,Exclusive deal: 70% off on watch for limited time,2023-03-07,990,56,7,Spam,Organization
618,Win a free week by clicking this link now!,2023-01-25,824,8,7,Spam,Individual
619,Exclusive deal: 70% off on table for limited time,2023-11-09,393,42,5,Spam,Bot
620,5 Tips for a healthier lifestyle in discuss,2023-07-01,623,61,31,Legitimate,Individual
621,You're the lucky visitor! Claim your always today.,2023-01-09,645,15,47,Spam,Individual
622,Unbelievable story of how a tree changed the world,2023-10-28,779,92,36,Fake News,Organization
623,5 Tips for a healthier lifestyle in site,2023-01-09,128,95,47,Legitimate,Bot
624,Breaking: Famous celebrity rumored to country,2023-03-23,336,95,13,Fake News,Organization
625,5 Tips for a healthier lifestyle in score,2023-05-31,391,30,2,Legitimate,Individual
626,5 Tips for a healthier lifestyle in deal,2023-08-16,520,32,4,Legitimate,Individual
627,Unbelievable story of how a hot changed the world,2023-08-15,477,72,48,Fake News,Individual
628,Unbelievable story of how a technology changed the world,2023-11-05,170,31,13,Fake News,Individual
629,Interesting facts about interest you didn't know,2023-04-16,827,23,17,Legitimate,Bot
630,You're the lucky visitor! Claim your behind today.,2023-09-02,966,86,46,Spam,Bot
631,Unbelievable story of how a agreement changed the world,2023-06-07,972,31,47,Fake News,Individual
632,Check out these amazing natural remedies for message!,2023-03-04,184,26,50,Legitimate,Individual
633,Breaking: Famous celebrity rumored to argue,2023-07-01,624,29,33,Fake News,Bot
634,Exclusive deal: 70% off on near for limited time,2023-09-01,768,52,9,Spam,Bot
635,Exclusive deal: 70% off on summer for limited time,2023-03-19,224,60,14,Spam,Bot
636,Check out these amazing natural remedies for our!,2023-10-21,437,55,44,Legitimate,Individual
637,Check out these amazing natural remedies for station!,2023-04-14,593,7,47,Legitimate,Individual
638,Interesting facts about drug you didn't know,2022-12-31,930,88,21,Legitimate,Organization
639,5 Tips for a healthier lifestyle in personal,2023-08-24,846,13,6,Legitimate,Bot
640,5 Tips for a healthier lifestyle in expect,2023-04-19,934,83,40,Legitimate,Individual
641,Interesting facts about open you didn't know,2022-12-22,159,80,20,Legitimate,Organization
642,You're the lucky visitor! Claim your tough today.,2023-06-07,354,65,22,Spam,Organization
643,You're the lucky visitor! Claim your after today.,2022-12-14,861,26,11,Spam,Organization
644,Win a free off by clicking this link now!,2023-06-11,621,24,16,Spam,Organization
645,Breaking: Famous celebrity rumored to eight,2023-04-13,548,100,8,Fake News,Organization
646,Breaking: Famous celebrity rumored to north,2023-06-04,577,63,36,Fake News,Organization
647,Exclusive deal: 70% off on live for limited time,2023-05-14,805,35,0,Spam,Bot
648,Breaking: Famous celebrity rumored to game,2023-03-14,797,9,14,Fake News,Bot
649,5 Tips for a healthier lifestyle in standard,2023-06-14,455,71,17,Legitimate,Organization
650,Win a free reflect by clicking this link now!,2023-02-18,664,85,33,Spam,Bot
651,Check out these amazing natural remedies for sea!,2023-03-05,508,44,37,Legitimate,Individual
652,5 Tips for a healthier lifestyle in business,2023-06-06,803,8,33,Legitimate,Individual
653,Shocking news about home that will surprise you,2023-11-11,170,4,22,Fake News,Bot
654,Interesting facts about picture you didn't know,2023-11-05,189,10,17,Legitimate,Organization
655,Shocking news about wish that will surprise you,2023-07-12,401,43,32,Fake News,Bot
656,Win a free until by clicking this link now!,2023-09-20,827,30,21,Spam,Individual
657,5 Tips for a healthier lifestyle in within,2023-11-27,655,32,8,Legitimate,Individual
658,Unbelievable story of how a return changed the world,2023-02-12,766,98,45,Fake News,Individual
659,Unbelievable story of how a himself changed the world,2023-10-23,116,46,42,Fake News,Bot
660,Unbelievable story of how a western changed the world,2023-11-15,370,2,19,Fake News,Organization
661,Win a free eight by clicking this link now!,2022-12-26,144,80,24,Spam,Individual
662,Exclusive deal: 70% off on star for limited time,2023-09-27,489,36,4,Spam,Bot
663,Interesting facts about once you didn't know,2023-10-31,696,64,10,Legitimate,Bot
664,Check out these amazing natural remedies for resource!,2023-01-10,110,1,13,Legitimate,Organization
665,Breaking: Famous celebrity rumored to meet,2023-07-14,335,60,8,Fake News,Individual
666,You're the lucky visitor! Claim your stop today.,2023-01-14,834,99,28,Spam,Bot
667,Exclusive deal: 70% off on move for limited time,2022-12-16,311,18,49,Spam,Organization
668,Interesting facts about test you didn't know,2023-06-09,436,24,40,Legitimate,Bot
669,Check out these amazing natural remedies for off!,2022-12-15,883,68,39,Legitimate,Organization
670,Win a free fact by clicking this link now!,2023-02-11,141,79,32,Spam,Bot
671,Win a free will by clicking this link now!,2023-06-02,675,45,8,Spam,Organization
672,Unbelievable story of how a then changed the world,2023-03-04,488,22,44,Fake News,Organization
673,Shocking news about dark that will surprise you,2023-11-04,183,83,35,Fake News,Bot
674,Exclusive deal: 70% off on unit for limited time,2023-05-31,385,29,9,Spam,Individual
675,5 Tips for a healthier lifestyle in morning,2023-08-09,127,60,21,Legitimate,Individual
676,Interesting facts about help you didn't know,2023-01-25,786,38,14,Legitimate,Bot
677,Interesting facts about without you didn't know,2023-01-09,275,55,16,Legitimate,Organization
678,Win a free street by clicking this link now!,2023-03-25,410,100,48,Spam,Organization
679,Exclusive deal: 70% off on cut for limited time,2023-04-27,257,45,4,Spam,Organization
680,Interesting facts about spring you didn't know,2023-11-15,185,37,25,Legitimate,Individual
681,Shocking news about suggest that will surprise you,2023-07-18,189,100,11,Fake News,Individual
682,You're the lucky visitor! Claim your whose today.,2023-01-03,829,23,42,Spam,Individual
683,Interesting facts about rich you didn't know,2022-11-29,796,43,7,Legitimate,Organization
684,Shocking news about another that will surprise you,2023-11-13,996,68,48,Fake News,Organization
685,5 Tips for a healthier lifestyle in everyone,2023-10-11,813,100,3,Legitimate,Individual
686,Interesting facts about think you didn't know,2022-12-11,778,45,22,Legitimate,Organization
687,5 Tips for a healthier lifestyle in often,2023-03-29,423,53,26,Legitimate,Organization
688,Check out these amazing natural remedies for fish!,2023-02-20,562,9,10,Legitimate,Bot
689,Unbelievable story of how a range changed the world,2023-08-20,686,87,16,Fake News,Individual
690,Interesting facts about Congress you didn't know,2023-10-05,813,54,15,Legitimate,Individual
691,Win a free bring by clicking this link now!,2023-06-09,902,94,8,Spam,Individual
692,You're the lucky visitor! Claim your point today.,2022-12-10,517,38,22,Spam,Individual
693,Check out these amazing natural remedies for which!,2023-07-06,798,23,1,Legitimate,Organization
694,Win a free generation by clicking this link now!,2023-11-19,598,77,36,Spam,Bot
695,Interesting facts about space you didn't know,2023-02-05,235,58,35,Legitimate,Organization
696,You're the lucky visitor! Claim your single today.,2023-10-09,486,96,30,Spam,Individual
697,Unbelievable story of how a its changed the world,2023-07-31,926,25,43,Fake News,Individual
698,Check out these amazing natural remedies for goal!,2023-11-02,956,24,49,Legitimate,Bot
699,Win a free exist by clicking this link now!,2023-06-13,867,5,25,Spam,Bot
700,Exclusive deal: 70% off on together for limited time,2023-10-11,188,85,45,Spam,Organization
701,Breaking: Famous celebrity rumored to economy,2023-03-10,452,49,40,Fake News,Organization
702,Breaking: Famous celebrity rumored to nor,2023-08-26,691,80,24,Fake News,Bot
703,Shocking news about news that will surprise you,2022-12-13,599,0,5,Fake News,Individual
704,Check out these amazing natural remedies for give!,2022-12-21,462,64,18,Legitimate,Individual
705,Check out these amazing natural remedies for discover!,2023-11-26,199,73,15,Legitimate,Individual
706,5 Tips for a healthier lifestyle in head,2023-01-07,943,64,6,Legitimate,Organization
707,5 Tips for a healthier lifestyle in half,2023-10-15,904,33,45,Legitimate,Individual
708,5 Tips for a healthier lifestyle in land,2023-07-08,194,21,12,Legitimate,Individual
709,Exclusive deal: 70% off on visit for limited time,2023-11-18,661,66,40,Spam,Organization
710,You're the lucky visitor! Claim your worker today.,2023-07-10,677,26,23,Spam,Bot
711,Check out these amazing natural remedies for kitchen!,2022-12-09,386,91,5,Legitimate,Bot
712,You're the lucky visitor! Claim your evidence today.,2023-04-12,496,23,4,Spam,Organization
713,Exclusive deal: 70% off on usually for limited time,2023-06-21,516,99,44,Spam,Individual
714,Unbelievable story of how a happen changed the world,2023-04-15,521,0,30,Fake News,Individual
715,Breaking: Famous celebrity rumored to person,2023-07-29,796,35,46,Fake News,Bot
716,Check out these amazing natural remedies for address!,2023-05-18,611,66,25,Legitimate,Bot
717,Unbelievable story of how a line changed the world,2023-06-17,576,97,20,Fake News,Bot
718,5 Tips for a healthier lifestyle in people,2023-04-22,697,70,35,Legitimate,Bot
719,Win a free almost by clicking this link now!,2023-03-02,382,73,25,Spam,Bot
720,Win a free involve by clicking this link now!,2023-07-15,386,23,23,Spam,Bot
721,Breaking: Famous celebrity rumored to agreement,2023-04-13,628,70,27,Fake News,Individual
722,Win a free treat by clicking this link now!,2023-06-06,673,60,29,Spam,Individual
723,Breaking: Famous celebrity rumored to along,2023-05-17,401,5,7,Fake News,Organization
724,Interesting facts about explain you didn't know,2023-09-15,261,73,7,Legitimate,Individual
725,Exclusive deal: 70% off on success for limited time,2023-01-03,684,3,11,Spam,Organization
726,Check out these amazing natural remedies for all!,2023-07-13,700,70,40,Legitimate,Individual
727,Unbelievable story of how a wind changed the world,2023-06-20,605,80,38,Fake News,Bot
728,5 Tips for a healthier lifestyle in board,2023-04-07,300,77,30,Legitimate,Individual
729,Unbelievable story of how a pay changed the world,2023-01-31,121,32,37,Fake News,Bot
730,Interesting facts about cup you didn't know,2023-03-06,820,77,21,Legitimate,Organization
731,Breaking: Famous celebrity rumored to poor,2023-10-22,924,81,24,Fake News,Individual
732,Win a free economy by clicking this link now!,2023-06-14,889,62,10,Spam,Bot
733,Check out these amazing natural remedies for matter!,2023-06-11,899,80,29,Legitimate,Organization
734,Win a free simply by clicking this link now!,2023-09-28,731,43,38,Spam,Individual
735,You're the lucky visitor! Claim your animal today.,2022-12-04,732,26,45,Spam,Bot
736,Check out these amazing natural remedies for some!,2022-12-11,396,78,22,Legitimate,Bot
737,You're the lucky visitor! Claim your foot today.,2023-04-20,683,66,16,Spam,Bot
738,5 Tips for a healthier lifestyle in peace,2023-07-26,899,56,29,Legitimate,Individual
739,Breaking: Famous celebrity rumored to trial,2023-10-06,473,82,7,Fake News,Bot
740,Win a free student by clicking this link now!,2023-01-07,633,11,17,Spam,Bot
741,Unbelievable story of how a institution changed the world,2023-07-15,453,34,18,Fake News,Bot
742,Interesting facts about job you didn't know,2023-07-08,857,43,7,Legitimate,Individual
743,You're the lucky visitor! Claim your important today.,2023-11-19,935,29,17,Spam,Organization
744,5 Tips for a healthier lifestyle in available,2023-07-15,751,74,10,Legitimate,Bot
745,Check out these amazing natural remedies for administration!,2023-05-29,733,60,36,Legitimate,Individual
746,Exclusive deal: 70% off on family for limited time,2023-03-17,568,82,1,Spam,Individual
747,Breaking: Famous celebrity rumored to hit,2023-02-22,173,44,48,Fake News,Individual
748,5 Tips for a healthier lifestyle in talk,2023-01-17,989,50,40,Legitimate,Bot
749,Win a free bring by clicking this link now!,2023-01-31,199,79,1,Spam,Individual
750,5 Tips for a healthier lifestyle in doctor,2023-07-03,189,80,31,Legitimate,Organization
751,Interesting facts about prepare you didn't know,2023-06-25,858,20,47,Legitimate,Bot
752,Win a free forget by clicking this link now!,2023-01-31,507,90,35,Spam,Individual
753,Shocking news about myself that will surprise you,2023-09-11,531,93,14,Fake News,Individual
754,Unbelievable story of how a staff changed the world,2023-11-10,121,92,24,Fake News,Bot
755,Win a free magazine by clicking this link now!,2023-06-20,351,46,8,Spam,Bot
756,Exclusive deal: 70% off on she for limited time,2023-11-02,566,57,8,Spam,Individual
757,Win a free however by clicking this link now!,2023-02-10,696,24,7,Spam,Bot
758,Exclusive deal: 70% off on newspaper for limited time,2022-12-26,401,45,2,Spam,Bot
759,Unbelievable story of how a benefit changed the world,2023-10-14,968,1,9,Fake News,Individual
760,Shocking news about court that will surprise you,2023-11-10,528,73,27,Fake News,Organization
761,Unbelievable story of how a run changed the world,2023-04-25,128,54,12,Fake News,Individual
762,Interesting facts about program you didn't know,2023-04-13,729,11,42,Legitimate,Organization
763,5 Tips for a healthier lifestyle in recently,2023-06-10,677,90,30,Legitimate,Organization
764,Shocking news about most that will surprise you,2022-12-02,680,89,17,Fake News,Organization
765,Unbelievable story of how a huge changed the world,2023-03-20,809,77,45,Fake News,Individual
766,5 Tips for a healthier lifestyle in theory,2023-07-28,908,88,35,Legitimate,Bot
767,Check out these amazing natural remedies for close!,2023-11-17,212,65,41,Legitimate,Bot
768,Breaking: Famous celebrity rumored to agency,2023-01-24,204,59,30,Fake News,Individual
769,Exclusive deal: 70% off on suddenly for limited time,2022-12-30,698,54,41,Spam,Organization
770,Check out these amazing natural remedies for however!,2023-07-13,482,61,17,Legitimate,Organization
771,Interesting facts about physical you didn't know,2023-10-02,163,4,14,Legitimate,Individual
772,Win a free throw by clicking this link now!,2023-06-06,908,68,33,Spam,Organization
773,You're the lucky visitor! Claim your meet today.,2023-06-27,402,45,5,Spam,Individual
774,Check out these amazing natural remedies for evening!,2023-06-02,649,15,3,Legitimate,Organization
775,Exclusive deal: 70% off on none for limited time,2023-06-29,907,3,2,Spam,Individual
776,5 Tips for a healthier lifestyle in all,2023-07-28,839,82,5,Legitimate,Individual
777,Check out these amazing natural remedies for identify!,2023-07-11,572,45,45,Legitimate,Bot
778,5 Tips for a healthier lifestyle in medical,2023-11-22,343,31,15,Legitimate,Individual
779,You're the lucky visitor! Claim your population today.,2023-02-12,667,38,20,Spam,Bot
780,Win a free check by clicking this link now!,2022-12-05,442,75,42,Spam,Organization
781,Interesting facts about usually you didn't know,2023-10-13,331,65,39,Legitimate,Bot
782,Interesting facts about including you didn't know,2022-12-04,628,67,22,Legitimate,Individual
783,5 Tips for a healthier lifestyle in traditional,2023-10-22,603,15,6,Legitimate,Bot
784,Breaking: Famous celebrity rumored to knowledge,2023-06-27,498,60,24,Fake News,Organization
785,Check out these amazing natural remedies for trouble!,2022-12-10,744,31,40,Legitimate,Individual
786,You're the lucky visitor! Claim your recognize today.,2023-04-12,629,4,3,Spam,Individual
787,Shocking news about interview that will surprise you,2023-07-21,598,31,0,Fake News,Bot
788,Exclusive deal: 70% off on arrive for limited time,2023-10-27,485,54,6,Spam,Organization
789,Exclusive deal: 70% off on follow for limited time,2023-08-18,275,71,3,Spam,Organization
790,Win a free national by clicking this link now!,2023-08-09,129,48,37,Spam,Organization
791,Shocking news about fast that will surprise you,2023-09-03,754,46,16,Fake News,Individual
792,Exclusive deal: 70% off on ten for limited time,2023-07-31,653,7,11,Spam,Individual
793,You're the lucky visitor! Claim your of today.,2023-03-19,313,6,28,Spam,Organization
794,Shocking news about on that will surprise you,2023-09-25,549,60,39,Fake News,Organization
795,Shocking news about community that will surprise you,2023-01-27,995,92,29,Fake News,Organization
796,Win a free later by clicking this link now!,2023-06-20,320,99,27,Spam,Bot
797,Win a free form by clicking this link now!,2023-05-24,203,56,34,Spam,Organization
798,Breaking: Famous celebrity rumored to spring,2022-12-21,895,14,9,Fake News,Individual
799,Interesting facts about technology you didn't know,2023-06-24,486,67,49,Legitimate,Bot
800,Shocking news about task that will surprise you,2023-11-06,173,8,45,Fake News,Organization
801,Unbelievable story of how a type changed the world,2023-04-17,334,57,38,Fake News,Organization
802,Exclusive deal: 70% off on own for limited time,2023-07-13,842,87,34,Spam,Organization
803,Win a free forget by clicking this link now!,2023-09-30,806,82,20,Spam,Individual
804,5 Tips for a healthier lifestyle in machine,2023-06-12,633,65,27,Legitimate,Bot
805,Shocking news about small that will surprise you,2023-11-06,929,50,43,Fake News,Individual
806,Unbelievable story of how a table changed the world,2023-06-21,832,25,14,Fake News,Individual
807,Breaking: Famous celebrity rumored to authority,2023-10-02,418,19,44,Fake News,Individual
808,5 Tips for a healthier lifestyle in meet,2023-09-12,512,6,43,Legitimate,Individual
809,You're the lucky visitor! Claim your from today.,2023-10-11,418,59,34,Spam,Organization
810,Exclusive deal: 70% off on across for limited time,2023-03-07,155,28,23,Spam,Individual
811,Shocking news about rate that will surprise you,2023-07-25,792,24,13,Fake News,Organization
812,Shocking news about those that will surprise you,2023-09-29,625,11,5,Fake News,Bot
813,Breaking: Famous celebrity rumored to character,2023-07-06,876,83,50,Fake News,Individual
814,Breaking: Famous celebrity rumored to month,2023-03-12,204,6,23,Fake News,Organization
815,5 Tips for a healthier lifestyle in fill,2023-06-18,757,81,33,Legitimate,Individual
816,Check out these amazing natural remedies for series!,2023-10-15,748,15,9,Legitimate,Bot
817,Exclusive deal: 70% off on country for limited time,2023-09-03,928,49,22,Spam,Organization
818,Win a free up by clicking this link now!,2023-01-07,984,0,8,Spam,Organization
819,5 Tips for a healthier lifestyle in figure,2023-09-09,961,27,30,Legitimate,Individual
820,You're the lucky visitor! Claim your indicate today.,2023-11-14,994,62,46,Spam,Bot
821,Win a free family by clicking this link now!,2022-12-29,188,72,36,Spam,Bot
822,Exclusive deal: 70% off on through for limited time,2023-07-14,468,93,28,Spam,Individual
823,You're the lucky visitor! Claim your ground today.,2023-05-09,352,75,25,Spam,Organization
824,Shocking news about source that will surprise you,2023-02-27,709,97,48,Fake News,Organization
825,5 Tips for a healthier lifestyle in star,2023-04-09,316,77,1,Legitimate,Organization
826,Interesting facts about amount you didn't know,2023-06-19,237,22,20,Legitimate,Organization
827,Exclusive deal: 70% off on better for limited time,2023-02-03,990,43,24,Spam,Bot
828,Unbelievable story of how a important changed the world,2023-01-01,136,2,50,Fake News,Organization
829,Unbelievable story of how a Republican changed the world,2023-08-27,358,14,6,Fake News,Individual
830,Check out these amazing natural remedies for strategy!,2023-02-17,847,25,25,Legitimate,Individual
831,Exclusive deal: 70% off on behavior for limited time,2023-08-03,154,84,6,Spam,Bot
832,Shocking news about beyond that will surprise you,2023-03-17,101,18,18,Fake News,Organization
833,Exclusive deal: 70% off on vote for limited time,2023-06-04,995,97,25,Spam,Bot
834,Breaking: Famous celebrity rumored to figure,2022-12-18,544,27,20,Fake News,Individual
835,Unbelievable story of how a later changed the world,2022-12-11,355,68,0,Fake News,Bot
836,Win a free decade by clicking this link now!,2023-11-10,633,25,10,Spam,Individual
837,Win a free worker by clicking this link now!,2023-06-02,276,45,15,Spam,Bot
838,Check out these amazing natural remedies for account!,2023-05-12,794,78,12,Legitimate,Bot
839,Win a free kind by clicking this link now!,2023-09-14,118,43,24,Spam,Individual
840,Check out these amazing natural remedies for idea!,2023-09-29,822,0,48,Legitimate,Individual
841,5 Tips for a healthier lifestyle in believe,2023-02-01,870,7,34,Legitimate,Bot
842,Exclusive deal: 70% off on agency for limited time,2023-11-05,566,16,20,Spam,Individual
843,Exclusive deal: 70% off on size for limited time,2023-10-08,934,52,49,Spam,Individual
844,Breaking: Famous celebrity rumored to threat,2023-01-10,177,46,20,Fake News,Organization
845,Breaking: Famous celebrity rumored to enter,2023-03-29,616,88,47,Fake News,Organization
846,Interesting facts about voice you didn't know,2023-04-27,402,71,30,Legitimate,Organization
847,5 Tips for a healthier lifestyle in whatever,2023-01-01,430,41,34,Legitimate,Individual
848,Win a free role by clicking this link now!,2023-05-11,563,53,41,Spam,Organization
849,Interesting facts about through you didn't know,2023-06-08,226,14,35,Legitimate,Individual
850,5 Tips for a healthier lifestyle in impact,2023-03-18,211,98,4,Legitimate,Organization
851,Exclusive deal: 70% off on drug for limited time,2023-04-23,191,96,10,Spam,Individual
852,Unbelievable story of how a structure changed the world,2023-03-28,396,96,37,Fake News,Organization
853,5 Tips for a healthier lifestyle in race,2023-09-25,744,48,37,Legitimate,Bot
854,Check out these amazing natural remedies for color!,2023-02-12,620,33,1,Legitimate,Bot
855,Exclusive deal: 70% off on statement for limited time,2023-01-29,333,73,9,Spam,Bot
856,Breaking: Famous celebrity rumored to she,2023-01-28,129,92,49,Fake News,Bot
857,Breaking: Famous celebrity rumored to window,2023-09-03,613,68,7,Fake News,Bot
858,Win a free site by clicking this link now!,2023-06-30,803,26,0,Spam,Individual
859,You're the lucky visitor! Claim your writer today.,2023-01-17,330,96,1,Spam,Organization
860,Check out these amazing natural remedies for relationship!,2023-10-21,169,30,49,Legitimate,Organization
861,Win a free base by clicking this link now!,2023-05-01,157,21,36,Spam,Bot
862,5 Tips for a healthier lifestyle in research,2023-06-20,761,1,19,Legitimate,Individual
863,Breaking: Famous celebrity rumored to anything,2023-03-02,412,41,27,Fake News,Bot
864,Breaking: Famous celebrity rumored to deep,2023-10-20,194,66,47,Fake News,Bot
865,Unbelievable story of how a moment changed the world,2023-07-15,803,22,18,Fake News,Bot
866,Shocking news about lot that will surprise you,2023-11-23,830,32,41,Fake News,Organization
867,Shocking news about economy that will surprise you,2023-10-04,590,27,29,Fake News,Organization
868,You're the lucky visitor! Claim your send today.,2023-02-19,338,25,35,Spam,Individual
869,You're the lucky visitor! Claim your toward today.,2023-02-19,555,75,5,Spam,Organization
870,5 Tips for a healthier lifestyle in why,2023-04-01,494,99,16,Legitimate,Individual
871,Breaking: Famous celebrity rumored to pretty,2023-01-24,434,60,49,Fake News,Bot
872,5 Tips for a healthier lifestyle in spend,2023-05-10,260,84,9,Legitimate,Bot
873,5 Tips for a healthier lifestyle in worry,2023-09-06,783,58,13,Legitimate,Bot
874,Win a free popular by clicking this link now!,2022-12-10,884,56,16,Spam,Organization
875,Win a free statement by clicking this link now!,2023-07-10,720,59,10,Spam,Individual
876,You're the lucky visitor! Claim your seat today.,2023-10-19,189,93,28,Spam,Organization
877,Win a free management by clicking this link now!,2023-02-10,276,3,5,Spam,Bot
878,5 Tips for a healthier lifestyle in surface,2023-05-27,286,7,25,Legitimate,Individual
879,5 Tips for a healthier lifestyle in national,2023-11-11,459,40,1,Legitimate,Bot
880,Check out these amazing natural remedies for opportunity!,2023-05-22,361,87,43,Legitimate,Individual
881,Unbelievable story of how a small changed the world,2023-01-04,800,81,10,Fake News,Organization
882,You're the lucky visitor! Claim your want today.,2023-09-12,814,82,34,Spam,Individual
883,You're the lucky visitor! Claim your even today.,2023-02-06,630,43,15,Spam,Bot
884,Exclusive deal: 70% off on common for limited time,2023-04-21,298,98,32,Spam,Individual
885,Exclusive deal: 70% off on as for limited time,2023-08-09,962,96,6,Spam,Organization
886,Interesting facts about relationship you didn't know,2023-11-22,142,73,39,Legitimate,Individual
887,Exclusive deal: 70% off on soon for limited time,2023-10-19,784,39,44,Spam,Organization
888,5 Tips for a healthier lifestyle in nation,2023-10-14,611,0,45,Legitimate,Organization
889,5 Tips for a healthier lifestyle in box,2023-08-11,788,78,34,Legitimate,Individual
890,Win a free rather by clicking this link now!,2023-05-24,468,36,18,Spam,Organization
891,Win a free address by clicking this link now!,2023-02-24,862,9,20,Spam,Individual
892,Unbelievable story of how a partner changed the world,2022-12-23,206,70,14,Fake News,Bot
893,Check out these amazing natural remedies for current!,2023-06-24,569,78,8,Legitimate,Organization
894,Shocking news about campaign that will surprise you,2023-06-07,327,88,49,Fake News,Organization
895,5 Tips for a healthier lifestyle in class,2023-02-01,302,65,3,Legitimate,Individual
896,Unbelievable story of how a film changed the world,2023-11-24,864,70,42,Fake News,Organization
897,Unbelievable story of how a tend changed the world,2023-07-04,818,36,15,Fake News,Individual
898,Shocking news about professional that will surprise you,2023-01-13,739,99,5,Fake News,Individual
899,5 Tips for a healthier lifestyle in beyond,2022-12-18,381,82,2,Legitimate,Bot
900,Breaking: Famous celebrity rumored to tough,2023-08-17,725,25,42,Fake News,Organization
901,Exclusive deal: 70% off on one for limited time,2023-04-11,793,2,17,Spam,Bot
902,Win a free specific by clicking this link now!,2023-08-08,553,78,33,Spam,Individual
903,Check out these amazing natural remedies for accept!,2023-04-05,467,8,2,Legitimate,Organization
904,5 Tips for a healthier lifestyle in trial,2023-07-18,960,15,46,Legitimate,Individual
905,You're the lucky visitor! Claim your else today.,2023-09-29,460,72,48,Spam,Individual
906,Unbelievable story of how a note changed the world,2023-02-15,373,46,45,Fake News,Individual
907,Unbelievable story of how a yourself changed the world,2023-11-17,147,41,4,Fake News,Bot
908,You're the lucky visitor! Claim your power today.,2023-10-17,178,72,46,Spam,Individual
909,You're the lucky visitor! Claim your without today.,2023-05-24,894,69,23,Spam,Organization
910,Shocking news about must that will surprise you,2023-03-21,584,11,22,Fake News,Individual
911,Win a free consider by clicking this link now!,2023-02-11,601,82,22,Spam,Individual
912,Win a free peace by clicking this link now!,2023-11-06,408,10,19,Spam,Bot
913,Interesting facts about body you didn't know,2023-09-03,353,51,28,Legitimate,Individual
914,Interesting facts about design you didn't know,2023-06-13,354,37,25,Legitimate,Individual
915,5 Tips for a healthier lifestyle in own,2023-02-16,776,3,29,Legitimate,Organization
916,Interesting facts about its you didn't know,2023-01-07,562,38,39,Legitimate,Bot
917,5 Tips for a healthier lifestyle in under,2023-10-25,646,26,6,Legitimate,Individual
918,Breaking: Famous celebrity rumored to production,2023-06-28,517,88,39,Fake News,Individual
919,Exclusive deal: 70% off on black for limited time,2023-09-06,904,99,14,Spam,Individual
920,5 Tips for a healthier lifestyle in democratic,2023-05-23,779,65,11,Legitimate,Organization
921,Interesting facts about tell you didn't know,2023-07-02,279,88,20,Legitimate,Individual
922,Breaking: Famous celebrity rumored to term,2023-11-10,768,30,35,Fake News,Bot
923,Exclusive deal: 70% off on remain for limited time,2023-05-14,505,71,16,Spam,Bot
924,Exclusive deal: 70% off on loss for limited time,2023-10-12,199,38,40,Spam,Organization
925,Interesting facts about will you didn't know,2023-09-28,975,72,49,Legitimate,Bot
926,Check out these amazing natural remedies for heavy!,2023-10-19,489,46,24,Legitimate,Organization
927,Interesting facts about address you didn't know,2023-05-21,423,84,4,Legitimate,Individual
928,Unbelievable story of how a management changed the world,2023-06-23,670,70,36,Fake News,Organization
929,Win a free capital by clicking this link now!,2023-05-13,877,65,5,Spam,Organization
930,5 Tips for a healthier lifestyle in example,2023-06-28,956,36,13,Legitimate,Individual
931,Shocking news about left that will surprise you,2023-05-20,423,49,28,Fake News,Organization
932,Win a free five by clicking this link now!,2023-09-15,657,93,35,Spam,Bot
933,Unbelievable story of how a treatment changed the world,2023-10-31,916,24,37,Fake News,Bot
934,Exclusive deal: 70% off on so for limited time,2023-01-05,730,11,47,Spam,Individual
935,Breaking: Famous celebrity rumored to effort,2023-03-24,951,64,21,Fake News,Organization
936,5 Tips for a healthier lifestyle in drive,2023-02-17,814,13,32,Legitimate,Organization
937,Shocking news about power that will surprise you,2023-02-27,119,35,42,Fake News,Organization
938,Check out these amazing natural remedies for myself!,2023-06-26,711,87,43,Legitimate,Organization
939,Shocking news about notice that will surprise you,2023-10-26,723,16,32,Fake News,Individual
940,Win a free live by clicking this link now!,2023-04-18,115,17,35,Spam,Bot
941,Breaking: Famous celebrity rumored to follow,2023-01-01,429,30,27,Fake News,Bot
942,Exclusive deal: 70% off on play for limited time,2023-09-17,877,57,34,Spam,Organization
943,You're the lucky visitor! Claim your kind today.,2022-12-30,621,68,3,Spam,Bot
944,Breaking: Famous celebrity rumored to million,2023-09-30,610,65,17,Fake News,Bot
945,Interesting facts about executive you didn't know,2023-04-17,770,31,49,Legitimate,Individual
946,You're the lucky visitor! Claim your bed today.,2023-09-28,479,82,32,Spam,Individual
947,You're the lucky visitor! Claim your suddenly today.,2023-03-01,956,51,14,Spam,Individual
948,Win a free business by clicking this link now!,2023-08-18,731,1,17,Spam,Bot
949,Win a free form by clicking this link now!,2023-07-03,989,19,13,Spam,Organization
950,Shocking news about many that will surprise you,2023-07-08,892,44,14,Fake News,Organization
951,Shocking news about expert that will surprise you,2023-02-05,865,89,40,Fake News,Individual
952,Check out these amazing natural remedies for move!,2023-06-05,466,84,4,Legitimate,Organization
953,You're the lucky visitor! Claim your kind today.,2023-08-30,371,59,16,Spam,Organization
954,Check out these amazing natural remedies for individual!,2023-03-04,538,36,11,Legitimate,Bot
955,5 Tips for a healthier lifestyle in development,2023-10-25,745,58,48,Legitimate,Organization
956,Check out these amazing natural remedies for Mrs!,2023-03-30,338,46,19,Legitimate,Individual
957,Win a free then by clicking this link now!,2023-09-19,815,87,25,Spam,Bot
958,5 Tips for a healthier lifestyle in lead,2023-04-23,430,67,9,Legitimate,Bot
959,Unbelievable story of how a wind changed the world,2023-10-16,964,28,10,Fake News,Bot
960,Shocking news about reason that will surprise you,2023-04-15,741,54,14,Fake News,Organization
961,5 Tips for a healthier lifestyle in article,2023-04-15,962,78,2,Legitimate,Bot
962,You're the lucky visitor! Claim your during today.,2023-09-12,150,7,38,Spam,Organization
963,Check out these amazing natural remedies for head!,2023-05-15,279,24,12,Legitimate,Bot
964,Win a free season by clicking this link now!,2023-11-12,163,26,40,Spam,Organization
965,Breaking: Famous celebrity rumored to quality,2023-06-04,549,2,41,Fake News,Individual
966,Unbelievable story of how a camera changed the world,2023-11-11,776,11,44,Fake News,Organization
967,Unbelievable story of how a four changed the world,2023-09-19,551,68,21,Fake News,Individual
968,Interesting facts about trip you didn't know,2023-07-18,559,73,49,Legitimate,Individual
969,5 Tips for a healthier lifestyle in war,2022-11-29,111,63,46,Legitimate,Organization
970,Breaking: Famous celebrity rumored to find,2023-11-14,151,91,11,Fake News,Bot
971,Check out these amazing natural remedies for certain!,2023-07-24,602,58,43,Legitimate,Individual
972,Shocking news about wall that will surprise you,2023-04-10,802,80,28,Fake News,Individual
973,Exclusive deal: 70% off on budget for limited time,2023-02-06,150,75,5,Spam,Bot
974,5 Tips for a healthier lifestyle in seem,2023-11-11,873,95,27,Legitimate,Individual
975,Unbelievable story of how a cover changed the world,2023-10-17,927,79,31,Fake News,Organization
976,Exclusive deal: 70% off on financial for limited time,2023-04-26,534,56,12,Spam,Individual
977,Interesting facts about purpose you didn't know,2023-03-18,786,25,23,Legitimate,Bot
978,Shocking news about degree that will surprise you,2023-07-20,424,25,46,Fake News,Bot
979,You're the lucky visitor! Claim your red today.,2023-10-06,575,61,37,Spam,Organization
980,Shocking news about want that will surprise you,2023-01-10,982,76,34,Fake News,Bot
981,Breaking: Famous celebrity rumored to three,2023-10-30,335,52,16,Fake News,Organization
982,Breaking: Famous celebrity rumored to simply,2023-01-15,577,26,7,Fake News,Bot
983,Win a free blue by clicking this link now!,2022-12-18,408,30,39,Spam,Organization
984,Check out these amazing natural remedies for which!,2022-12-10,182,38,23,Legitimate,Bot
985,Breaking: Famous celebrity rumored to speak,2023-10-08,980,53,42,Fake News,Bot
986,Unbelievable story of how a attorney changed the world,2023-07-26,630,99,37,Fake News,Organization
987,Exclusive deal: 70% off on prevent for limited time,2023-06-23,724,85,3,Spam,Organization
988,Exclusive deal: 70% off on fall for limited time,2023-04-24,674,87,37,Spam,Bot
989,Check out these amazing natural remedies for magazine!,2022-12-23,120,9,25,Legitimate,Bot
990,Unbelievable story of how a blue changed the world,2023-06-26,512,39,43,Fake News,Bot
991,Interesting facts about rate you didn't know,2023-05-31,187,52,10,Legitimate,Bot
992,Breaking: Famous celebrity rumored to wonder,2023-11-24,182,93,33,Fake News,Organization
993,Check out these amazing natural remedies for to!,2023-11-07,221,50,8,Legitimate,Organization
994,Check out these amazing natural remedies for view!,2023-09-30,642,90,33,Legitimate,Organization
995,Check out these amazing natural remedies for appear!,2023-10-27,805,72,27,Legitimate,Bot
996,Unbelievable story of how a job changed the world,2023-04-04,628,17,8,Fake News,Individual
997,Interesting facts about decade you didn't know,2023-11-25,776,27,27,Legitimate,Bot
998,5 Tips for a healthier lifestyle in decade,2023-07-17,943,94,22,Legitimate,Organization
999,Breaking: Famous celebrity rumored to store,2022-12-17,992,58,47,Fake News,Bot
1000,5 Tips for a healthier lifestyle in major,2023-06-28,671,88,13,Legitimate,Bot
